institucion,pais,region,carrera,duracion_anos,semestres,total_materias_est,materias_oblig_est,materias_elect_est,bloques_principales,historia_oblig,sociologia_oblig,metodos_cualit_oblig,link_oficial
"Universidad de Buenos Aires (UBA)","Argentina","Argentina","Licenciatura en Economia",5,10,42,35,7,"Matematica/Estadistica; Micro I-II-III; Macro I-II-III; Econometria; Historia Economica Mundial/Argentina; Historia del Pensamiento; Sociologia Economica; Cuentas Nacionales; Finanzas Publicas; Comercio Internacional; Organizacion Industrial; Economia del Trabajo; Derecho; Electivas",TRUE,TRUE,FALSE,"https://www.economicas.uba.ar/carreras-de-grado/economia/"
"Universidad Nacional de La Plata (UNLP)","Argentina","Argentina","Licenciatura en Economia",5,10,40,34,6,"Matematica I-II-III; Estadistica I-II; Micro I-II-III; Macro I-II-III; Econometria; Historia Economica; Historia del Pensamiento; Sociologia; Cuentas Nacionales; Finanzas; Comercio Internacional; Organizacion Industrial; Economia del Trabajo; Derecho; Electivas",TRUE,TRUE,FALSE,"https://www.econo.unlp.edu.ar/"
"Universidad Nacional de Cordoba (UNC)","Argentina","Argentina","Licenciado en Economia",5,10,40,34,6,"Matematica I-II-III; Estadistica I-II; Micro I-II-III; Macro I-II-III; Econometria; Historia Economica; Historia del Pensamiento; Sociologia General; Cuentas Nacionales; Finanzas Publicas; Comercio Internacional; Organizacion Industrial; Economia del Trabajo; Derecho; Electivas",TRUE,TRUE,FALSE,"https://www.econo.unc.edu.ar/"
"Universidad Torcuato Di Tella (UTDT)","Argentina","Argentina","Licenciatura en Economia",4,8,32,26,6,"Calculo; Algebra Lineal; Estadistica; Micro I-II-III; Macro I-II-III; Econometria I-II; Teoria de Juegos; Matematica para Economistas; Finanzas; Crecimiento; Comercio Internacional; Organizacion Industrial; Economia Politica; Desarrollo; Historia Economica (opt); Historia del Pensamiento (opt); Tesis",FALSE,FALSE,FALSE,"https://www.utdt.edu/listado_noticias.php?id_item_menu=225"
"Universidad de San Andres (UdeSA)","Argentina","Argentina","Licenciatura en Economia",4,8,34,28,6,"Matematica; Estadistica; Micro I-II-III; Macro I-II-III; Econometria; Historia Economica; Historia del Pensamiento; Sociologia; Finanzas; Comercio Internacional; Crecimiento; Economia del Trabajo; Organizacion Industrial; Politica Economica; Tesis",TRUE,TRUE,FALSE,"https://www.udesa.edu.ar/carreras/economia"
"Universidad del CEMA (UCEMA)","Argentina","Argentina","Licenciatura en Economia",4,8,34,28,6,"Matematica I-II-III; Micro I-II-III; Macro I-II-III; Econometria I-II; Finanzas I-II; Historia Economica; Historia del Pensamiento; Comercio Internacional; Crecimiento; Organizacion Industrial; Economia del Trabajo; Contabilidad; Tesis",TRUE,FALSE,FALSE,"https://www.ucema.edu.ar/carreras-de-grado/licenciatura-en-economia"
"Universidad Austral","Argentina","Argentina","Licenciatura en Economia",5,10,40,34,6,"Matematica; Estadistica; Micro I-II-III; Macro I-II-III; Econometria; Historia Economica; Historia del Pensamiento; Sociologia; Etica; Cuentas Nacionales; Finanzas; Comercio Internacional; Organizacion Industrial; Derecho; Tesis",TRUE,TRUE,FALSE,"https://www.austral.edu.ar/carreras/licenciatura-en-economia/"
"Universidad Catolica Argentina (UCA)","Argentina","Argentina","Licenciatura en Economia",5,10,40,34,6,"Matematica; Estadistica; Micro I-II-III; Macro I-II-III; Econometria; Historia Economica General/Argentina; Historia del Pensamiento; Sociologia; Economia Politica; Finanzas; Comercio Exterior; Cuentas Nacionales; Derecho; Tesis",TRUE,TRUE,FALSE,"https://www.uca.edu.ar/"
"ITAM (Instituto Tecnologico Autonomo de Mexico)","Mexico","Latinoamerica","Licenciatura en Economia",4,8,36,30,6,"Calculo I-II-III; Algebra Lineal; Probabilidad; Micro I-II-III; Macro I-II-III; Econometria I-II; Historia Economica; Historia del Pensamiento; Contabilidad; Derecho; Finanzas; Comercio Internacional; Crecimiento; Desarrollo; Economia Laboral; Teoria del Desarrollo; Tesis",TRUE,FALSE,FALSE,"https://www.itam.mx/es/licenciatura-economia"
"UNAM (Universidad Nacional Autonoma de Mexico)","Mexico","Latinoamerica","Licenciatura en Economia",5,10,50,42,8,"Matematicas I-II; Estadistica I-II; Micro I-II; Macro I-II; Historia del Pensamiento I-II; Historia Economica; Contabilidad; Derecho; Sociologia; Psicologia; Econometria; Cuentas Nacionales; Economia Laboral; Organizacion Industrial; Finanzas Publicas; Economia Internacional; Seminario de Titulacion",TRUE,TRUE,FALSE,"https://www.economia.unam.mx/"
"Universidad de Chile","Chile","Latinoamerica","Licenciatura en Economia",5,10,50,42,8,"Matematica I-II-III; Estadistica; Micro I-II-III; Macro I-II-III; Econometria I-II; Contabilidad; Derecho; Sociologia; Historia Economica de Chile; Historia del Pensamiento; Finanzas; Comercio Internacional; Organizacion Industrial; Economia del Trabajo; Politica Economica; Crecimiento; Desarrollo; Tesis",TRUE,TRUE,FALSE,"https://fce.uchile.cl/"
"PUC-Chile (Pontificia Universidad Catolica de Chile)","Chile","Latinoamerica","Licenciatura en Economia / Ing. Comercial mencion Economia",5,10,50,42,8,"Calculo; Algebra; Estadistica; Micro I-II-III; Macro I-II-III; Econometria; Contabilidad; Finanzas; Marketing; Historia Economica; Historia del Pensamiento; Comercio Internacional; Organizacion Industrial; Economia del Trabajo; Crecimiento; Tesis",TRUE,FALSE,FALSE,"https://economia.uc.cl/"
"Universidad de los Andes (Colombia)","Colombia","Latinoamerica","Pregrado en Economia",4,8,35,29,6,"Matematica I-II-III; Estadistica; Micro I-II-III; Macro I-II-III; Econometria I-II; Historia Economica; Historia del Pensamiento; Contabilidad; Derecho; Finanzas; Comercio Internacional; Crecimiento; Desarrollo; Organizacion Industrial; Economia del Trabajo; Tesis de Grado",TRUE,FALSE,FALSE,"https://uniandes.edu.co/programas/economia"
"FGV (Fundacao Getulio Vargas)","Brasil","Latinoamerica","Graduacao em Ciencias Economicas",4,8,35,29,6,"Matematica; Estatistica; Micro I-II-III; Macro I-II-III; Econometria I-II; Metodos Quantitativos; Historia Economica; Historia do Pensamento; Contabilidade; Financas; Comercio Internacional; Organizacao Industrial; Economia do Trabalho; Politica Economica; Monografia",TRUE,FALSE,FALSE,"https://eesp.fgv.br/"
"USP (Universidade de Sao Paulo)","Brasil","Latinoamerica","Bacharelado em Ciencias Economicas",4,8,35,29,6,"Matematica I-II-III; Estatistica; Micro I-II-III; Macro I-II-III; Econometria I-II; Historia Economica; Historia do Pensamento; Introducao a Sociologia; Contabilidade; Financas; Comercio Internacional; Organizacao Industrial; Economia do Trabajo; Politica Economica; Economia Brasileira; TCC",TRUE,TRUE,FALSE,"https://www.fea.usp.br/"
"Udelar (Universidad de la Republica)","Uruguay","Latinoamerica","Licenciatura en Economia",5,10,45,38,7,"Matematica I-II; Estatistica; Micro I-II-III; Macro I-II-III; Econometria; Contabilidade; Direito; Sociologia; Historia Economica; Historia do Pensamento; Financas; Comercio Internacional; Organizacao Industrial; Economia do Trabalho; Contas Nacionais; Politica Economica; Economia Uruguaia; TFG",TRUE,TRUE,FALSE,"https://www.fcecon.universidad.edu.uy/"
"UDEP (Universidad de Piura)","Peru","Latinoamerica","Licenciatura en Economia",5,10,40,34,6,"Matematica I-II-III; Estadistica; Micro I-II-III; Macro I-II-III; Econometria; Historia Economica; Historia del Pensamiento; Sociologia; Derecho; Contabilidad; Finanzas; Comercio Internacional; Crecimiento; Desarrollo; Organizacion Industrial; Politica Economica; Trabajo de Investigacion",TRUE,TRUE,FALSE,"https://udep.edu.pe/"
"Harvard University","EEUU","EEUU","Economics Concentration (AB)",4,8,12,7,5,"Ec 10 (Principles); Ec 1010a/b (Micro/Macro Theory); Stat 104/110; Ec 1123 (Econometrics); 7 Electivas (Labor, Trade, Economic History, Development, Public Economics, IO, Behavioral, Financial Economics, Game Theory); Honors: ACT + Senior Thesis",TRUE,FALSE,FALSE,"https://economics.harvard.edu/undergraduate"
"MIT","EEUU","EEUU","Bachelor of Science in Economics (Course 14)",4,8,11,7,4,"14.01 (Principles Micro); 14.02 (Principles Macro); 14.04 (Intermediate Micro); 14.05/14.12 (Intermediate/Advanced Macro); 14.30/14.32 (Statistics/Econometrics); 18.01-18.03 (Calculus); 18.06 (Linear Algebra); 4 Electivas (Trade, Labor, Development, Political Economy, IO, Public Finance, Economic Classics); Thesis/Extra Elective",FALSE,FALSE,FALSE,"https://economics.mit.edu/academics/undergraduate-program"
"Princeton University","EEUU","EEUU","A.B. in Economics",4,8,11,6,5,"ECO 100 (Intro); ECO 300/310 (Micro Theory); ECO 310/311 (Macro Theory); ECO 302 (Econometrics); 5 Electivas (Labor, Economic History, Development, International Finance/Trade, IO, Behavioral); Junior Seminar + Independent Work; Senior Thesis (optional/honors)",FALSE,FALSE,FALSE,"https://economics.princeton.edu/undergraduate-program/"
"Stanford University","EEUU","EEUU","Bachelor of Arts in Economics",4,12,16,11,5,"ECON 1 (Principles); ECON 102A (Statistics); ECON 102B (Econometrics); ECON 50/51 (Core Micro/Macro); 5 Field Courses (Trade, Development, IO, Labor, Public Economics, Game Theory, Behavioral, Economic History, History of Economic Thought); WIM (Writing in the Major); Tracks: General, Behavioral, Development, Econometrics, Economic History, Finance, International, Policy",FALSE,FALSE,FALSE,"https://economics.stanford.edu/academics/undergraduate-program"
"University of Chicago","EEUU","EEUU","BA or BS in Economics",4,8,9,5,4,"ECON 20000 (Elements I / Micro); ECON 20100 (Elements II / Macro); ECON 20200 (Elements III); ECON 21020 (Econometrics); 3-4 Electivas (Money/Banking, Labor, IO, Public Finance, International Trade, Economic History, Development, Financial Economics, Game Theory, Behavioral); BS adds more math",FALSE,FALSE,FALSE,"https://economics.uchicago.edu/undergraduate"
"Yale University","EEUU","EEUU","Economics Major (BA)",4,8,12,7,5,"Econ 115/116 o 110/111 (Intro); Econ 121/125 (Intermediate Micro); Econ 122/126 (Intermediate Macro); Econ 123/132 (Econometrics); 5 Electivas (IO, Financial Economics, Health, International Trade/Monetary, Labor, Economic History US/Europe, Development, Behavioral, Public Finance, Game Theory); Senior Seminar",FALSE,FALSE,FALSE,"https://economics.yale.edu/undergraduate"
"Columbia University","EEUU","EEUU","Economics Major (BA)",4,8,9,5,4,"Econ UN1105 (Principles); UN3211 (Intermediate Micro); UN3213 (Intermediate Macro); UN3412 (Econometrics/Statistics); Math UN1101/1201 (Calculus); 4-5 Electivas (Political Economy, Financial Economics, Money/Banking, International Trade/Monetary, IO, Economic History, Growth/Development, Advanced Micro/Macro, Behavioral, Labor, Public Finance); Core Curriculum externo",FALSE,FALSE,FALSE,"https://econ.columbia.edu/undergraduate/"
"University of Pennsylvania","EEUU","EEUU","Economics Major (BA)",4,8,12,6,6,"Econ 001/002 (Intro); Econ 101 (Intermediate Micro); Econ 102 (Intermediate Macro); Econ 103 (Statistics); Econ 104 (Econometrics); Math 104/114 (Calc); 6 Electivas (IO, Labor, Public Finance, Economic History, Monetary/Fiscal, Trade, International Monetary, Development, Poverty, Behavioral, Game Theory); Tracks: Financial Econ, Behavioral, Business Econ, Law/Econ, Policy; Honors Seminar",FALSE,FALSE,FALSE,"https://economics.sas.upenn.edu/"
"UC Berkeley","EEUU","EEUU","Bachelor of Arts in Economics",4,8,16,11,5,"Econ 1/2 (Intro); Math 1A/1B (Calc); Stat 20/21; Econ 100A/100B o 101A/101B (Intermediate Micro/Macro); Econ 140 (Econometrics); 5 Electivas upper-division (Trade, International Finance, Behavioral, Economic History, Development, Public Economics, Financial Economics, Labor, IO, History of Economic Thought, Global Poverty, International Political Economy); Honors Thesis",FALSE,FALSE,FALSE,"https://www.econ.berkeley.edu/undergrad"
"Northwestern University","EEUU","EEUU","Economics Major (BA/BS)",4,8,12,6,6,"Econ 201 (Intro); Econ 281/282 (Intermediate Micro/Macro); Econ 310-1/2/3 (Micro/Macro/Metrics sequence) o 310-1/311; Stat 210; Math 220; 6 Electivas 300-level (Money/Banking, Public Finance, IO, Game Theory, Mechanism Design, Labor, Economic History, Development, Trade, Political Economics, Behavioral, Environmental, Health, Corporate Finance, International Finance)",FALSE,FALSE,FALSE,"https://economics.northwestern.edu/undergraduate/"
"London School of Economics (LSE)","Reino Unido","Europa","BSc Economics",3,6,12,9,3,"Year 1: EC1A3 (Micro I), EC1B3 (Macro I), MA107 (Math Methods), ST102 (Stats), LSE100, Outside Option; Year 2: EC2A3 (Micro II), EC2B3 (Macro II), EC2C3 (Econometrics I), MA207 (Further Math) o EC201 + Outside Option; Year 3: 4 cursos EC3xx avanzados (Behavioral, History of Economic Thought, IO, Monetary, Public Economics, Development, Game Theory, Econometrics II); Dissertation opcional",FALSE,FALSE,FALSE,"https://www.lse.ac.uk/study-at-lse/undergraduate/bsc-economics"
"University of Oxford","Reino Unido","Europa","BA in Economics and Management (o PPE Economics track)",3,6,10,7,3,"Year 1: Introductory Economics, Financial Management, Organisational Behaviour, Strategic Management; Year 2: Microeconomics, Macroeconomics, Econometrics; Year 3: 3 opciones avanzadas (Industrial Economics, International Economics, Development, Behavioural, Corporate Finance) + tesis; PPE: Philosophy + Politics + Economics branches",FALSE,FALSE,FALSE,"https://www.ox.ac.uk/admissions/undergraduate/courses/course-listing/economics-and-management"
"University of Cambridge","Reino Unido","Europa","BA in Economics",3,6,10,7,3,"Part I (Year 1): Micro, Macro, Quantitative Methods (Math/Stats), PSAE (Political and Social Aspects of Economics: History of Thought + Sociology + Political Institutions); Part IIA (Year 2): Micro II, Macro II, Econometrics, 2 opciones (Economic Development, Modern Britain, Labour, Sociology, Economic History, Mathematics); Part IIB (Year 3): Micro III, Macro III, Econometrics II, 2 opciones, Dissertation; Opciones: Economic History, Sociology, History of Economic Thought, Development, IO, Public Economics, Labour, Finance, Game Theory",TRUE,TRUE,FALSE,"https://www.undergraduate.study.cam.ac.uk/courses/economics"
"University College London (UCL)","Reino Unido","Europa","BSc Economics",3,6,12,9,3,"Year 1: Economics I (Micro+Macro), Applied Economics (Quant Methods), Mathematics for Economics, Statistical Methods; Year 2: Microeconomics, Macroeconomics, Econometrics, 1 Outside Option; Year 3: 4 opciones avanzadas (Advanced Econometrics, Behavioral, Economic History, Economics of Education, Development, Game Theory, IO, International Trade, Labour, Monetary, Public Economics, Urban Economics) + Dissertation opcional",FALSE,FALSE,FALSE,"https://www.ucl.ac.uk/economics/study/undergraduate/bsc-economics"
"Sciences Po Paris","Francia","Europa","Bachelor's Degree (Major Economia)",3,6,20,16,4,"Year 1: Introduction a l'economie, Histoire economique mondiale, Mathematiques, Statistiques, Sociologie, Droit, Sciences politiques, Histoire generale; Year 2: Microeconomie, Macroeconomie, Econometrie, Comptabilite nationale, Histoire de la pensee economique, Sciences politiques avanzadas; Year 3: Ano extranjero/master dual; cursos avanzados de economia; Memoire",TRUE,TRUE,TRUE,"https://www.sciencespo.fr/college/en/academics/undergraduate-curriculum.html"
"Bocconi University","Italia","Europa","BSc in Economics and Social Sciences (ESS)",3,6,24,20,4,"Year 1: Microeconomics, Macroeconomics, Mathematics, Statistics, Fundamentals of Accounting, Economic History, Introduction to Law, Sociology; Year 2: Econometrics, Micro II, Macro II, Monetary Economics, Public Economics, Labour Economics, Economic Policy, 2 electivas; Year 3: Advanced Micro/Macro, Development, IO, electivas, Thesis",TRUE,TRUE,FALSE,"https://www.unibocconi.eu/wps/wcm/connect/Bocconi/SitoPubblico_EN/Navigation+Tree/Home/programs/undergraduate/BSc+ECONOMICS+AND+SOCIAL+SCIENCES/"
"Universitat Pompeu Fabra (UPF)","Espana","Europa","Grado en Economia",4,8,40,34,6,"Year 1: Micro I, Macro I, Matematicas I/II, Estadistica I, Historia Economica Mundial, Introduccion a la Economia, Historia del Pensamiento; Year 2: Micro II, Macro II, Econometria I, Contabilidad Nacional, Estadistica II, Matematicas III, Derecho, Sociologia, Historia del Pensamiento; Year 3: Micro III, Macro III, Econometria II, Finanzas, Comercio Internacional, Crecimiento, Economia Laboral, Organizacion Industrial, Economia Publica; Year 4: Electivas avanzadas, TFG, Practicas",TRUE,TRUE,FALSE,"https://www.upf.edu/web/econ/studies"
"Universidad Carlos III de Madrid (UC3M)","Espana","Europa","Grado en Economia",4,8,40,34,6,"Year 1: Fundamentos de Analisis Economico, Matematicas I/II, Estadistica I, Micro I, Macro I, Historia Economica, Instituciones de Derecho, Sociologia; Year 2: Micro II, Macro II, Econometria I, Contabilidad Nacional, Estadistica II, Matematicas III, Historia del Pensamiento, Economia Espanola; Year 3: Micro III, Macro III, Econometria II, Finanzas, Comercio Internacional, Crecimiento, Economia Laboral, Organizacion Industrial, Economia Publica; Year 4: Electivas, TFG, Practicas",TRUE,TRUE,FALSE,"https://www.uc3m.es/grado/economia"
"University of Mannheim","Alemania","Europa","BSc in Economics",3,6,24,20,4,"Year 1: Micro I/II, Macro I/II, Mathematics I/II, Statistics I/II, Accounting, Law, Economic History, Information Systems; Year 2: Micro III, Macro III, Econometrics, Public Economics, International Trade, Game Theory, IO, Finance; Year 3: Advanced seminars, Bachelor Thesis, electivas (Labour, Development, IO avanzado, etc.)",TRUE,FALSE,FALSE,"https://www.vwl.uni-mannheim.de/en/study/undergraduate/bsc-economics/"
"Tilburg University","Paises Bajos","Europa","BSc Economics",3,6,24,20,4,"Year 1: Microeconomics, Macroeconomics, Statistics, Mathematics, Accounting, Finance, Economic History, Law, Philosophy/Methodology of Economics, Academic Skills; Year 2: Econometrics, Micro II, Macro II, Public Economics, Labour Economics, Money and Banking, Game Theory, IO; Year 3: Minor (semestre extranjero o especializacion), 2 electivas avanzadas, Bachelor Thesis. Tracks: Economics, Emerging Markets, Financial Management",TRUE,FALSE,FALSE,"https://www.tilburguniversity.edu/education/bachelors-programs/economics"
"Stockholm School of Economics (SSE)","Suecia","Europa","Bachelor in Business and Economics (Economics specialization)",3,6,24,20,4,"Year 1: Microeconomics, Macroeconomics, Mathematics, Statistics, Financial Accounting, Management Accounting, Principles of Law, Economic History, Language; Year 2: Econometrics, Finance, Marketing, Organisational Behaviour, IO, International Economics, electivas; Year 3 (Economics track): Advanced Micro, Advanced Macro, Econometrics II, Development, Public Economics, Labour, Game Theory, Thesis",TRUE,FALSE,FALSE,"https://www.hhs.se/en/education/bachelor/"
"Toulouse School of Economics (TSE)","Francia","Europa","Licence Economie",3,6,24,20,4,"L1: Micro I, Macro I, Mathematiques I/II, Statistiques, Histoire de la Pensee Economique, Comptabilite, Droit, Langue; L2: Micro II, Macro II, Econometrie I, Probabilites, Histoire Economique, Economie Internationale, Monnaie et Financement, electivas; L3: Micro III, Macro III, Econometrie II, Jeux et Strategie, Economie Publique, Organisation Industrielle, Developpement, Marches Financiers, Memoire",TRUE,FALSE,FALSE,"https://www.tse-fr.eu/licence-economie"
"Universiteit van Amsterdam (UvA)","Paises Bajos","Europa","BSc Economics",3,6,24,20,4,"Year 1: Micro, Macro, Accounting, Finance, Math, Stats, Economic History, Law, Academic Skills; Year 2: Econometrics, Micro II, Macro II, Public Economics, Labour, Money/Banking, IO; Year 3: Minor, Thesis, electivas (Development, Trade, Game Theory, etc.)",TRUE,FALSE,FALSE,"https://www.uva.nl/en/programmes/bachelors/economics/economics.html"
"Universitat Bonn","Alemania","Europa","Bachelor in Economics",3,6,24,20,4,"Year 1: Micro I/II, Macro I/II, Mathematics, Statistics, Economic History, Accounting/Law; Year 2: Econometrics, Micro III, Macro III, Game Theory, Public Economics, Finance; Year 3: Advanced seminars, Bachelor Thesis, electivas avanzadas",TRUE,FALSE,FALSE,"https://www.econ.uni-bonn.de/en/study-programs/bachelor"
